{
  "meta_title": "",
  "meta_description": "",
  "sections": [
    {
      "type": "banner-slider",
      "autoplay": 9000,
      "full_width": false,
      "slides": [
        {
          "start": "2022-09-05T01:43:31.169Z",
          "end": "",
          "img": "/img/uploads/banner3_1140x300px_300dpi.jpg"
        },
        {
          "img": "/img/uploads/encarte_tdb_205x56mm_300dpi_cmyk.jpg",
          "link": "",
          "alt": "",
          "start": "2020-04-11T05:54:06.750Z",
          "end": "",
          "mobile_img": "/img/uploads/encarte_tdb_205x56mm_300dpi_cmyk.jpg"
        }
      ]
    },
    {
      "type": "info-bar",
      "enabled": true
    },
    {
      "type": "offers-timer",
      "max_hours": 24,
      "start": "2022-09-06T02:01:47.110Z",
      "end": "2022-09-06T02:01:47.162Z"
    },
    {
      "type": "collection-shelf",
      "shuffle": true,
      "collection_id": "624233062e405e04ff0611c2:categories:Toalhas / Lenços Umedecidos:/toalhas-umedecidas",
      "sort": "views",
      "title": "",
      "headless": false,
      "limit": 4,
      "page": 1
    },
    {
      "type": "collection-shelf",
      "shuffle": false,
      "limit": 4,
      "page": 1,
      "collection_id": "624233062e405e04ff0611c2:categories:Toalhas / Lenços Umedecidos:/toalhas-umedecidas"
    },
    {
      "type": "collection-shelf",
      "shuffle": false,
      "limit": 3,
      "page": 1,
      "collection_id": "63155f4a73321213f8669285:categories:Cosméticos:/cosmeticos",
      "sort": "views"
    },
    {
      "type": "collection-shelf",
      "shuffle": true,
      "limit": 4,
      "page": 1,
      "collection_id": "63169dd373321213f8686134:categories:Vitaminas:/vitaminas",
      "sort": "views"
    },
    {
      "type": "page-title",
      "title": "",
      "description": ""
    }
  ]
}